{
    "sub(x2, 1)": 6.9886702668,
    "sub(1, x1)": 17.957797606800003,
    "protect_div(-1, 0.93)": 14.123561627019676,
    "add(0.34, sin(x1))": 13.919015422011157,
    "protect_div(x1, sin(sin(x2)))": 278.86712449176025,
    "mul(protect_sqrt(neg(1)), add(cos(1), protect_sqrt(x2)))": 12.7822747268,
    "neg(x1)": 16.7729256068,
    "square(add(x2, x2))": 263.9373507772,
    "mul(protect_sqrt(square(x1)), x1)": 26.076992067099994,
    "neg(square(x2))": 29.612883593700005,
    "cos(neg(neg(0.25)))": 13.554289050420978,
    "add(protect_div(x2, 1), cos(1))": 5.975727893730561,
    "add(cos(sin(0.71)), square(square(-1)))": 15.69523661649321,
    "square(0.3)": 12.7748832068,
    "sin(x2)": 11.251004550218168,
    "mul(x2, 1)": 5.790742266799999,
    "square(neg(sub(1, 0.68)))": 12.7751345796,
    "sub(square(x2), protect_div(0.06, x2))": 28.128577938046643,
    "cos(-1)": 12.981200153221955,
    "mul(-1, x1)": 16.7729256068,
    "protect_div(1, x2)": 74.99619984089829,
    "mul(protect_div(sin(1), 1), mul(x1, add(1, -1)))": 12.7822747268,
    "neg(protect_div(x2, 1))": 25.8958771868,
    "add(x1, -1)": 16.6901338468,
    "protect_div(sub(x2, x1), add(x1, 1))": 1378.859678871233,
    "add(x1, 0.14)": 15.106527926800004,
    "sin(sub(-1, x2))": 14.15778241502124,
    "sin(-1)": 13.635188862746586,
    "mul(0.61, -1)": 13.259372806800002,
    "sin(neg(-1))": 13.345507427400559,
    "sin(x1)": 13.894668699850868,
    "square(0.82)": 13.118657619600004,
    "add(neg(add(-1, x1)), sub(protect_div(x2, 1), mul(x2, x1)))": 18.7947122978,
    "neg(cos(x2))": 12.98033322636245,
    "sub(neg(add(0.61, x2)), protect_sqrt(neg(-1)))": 28.723565266799998,
    "sin(neg(1))": 13.635188862746586,
    "sub(x1, -1)": 15.6318778468,
    "protect_div(x1, x1)": 13.610146726800002,
    "mul(sub(-1, -1), protect_sqrt(x1))": 12.7822747268,
    "square(sin(-1))": 13.16176343112503,
    "protect_div(neg(sin(x1)), neg(x2))": 21.694659523272026,
    "cos(x2)": 13.464166069657558,
    "cos(neg(0.58))": 13.337965848498534,
    "add(0.26, x2)": 5.8068809867999995,
    "protect_sqrt(x1)": 13.352792723215659,
    "protect_sqrt(0.56)": 13.213465926265876,
    "cos(neg(cos(sin(x2))))": 13.160315641465024,
    "square(neg(0.25))": 12.775422976799998,
    "mul(x2, x2)": 27.799417011699997,
    "add(protect_div(1, 1), cos(1))": 14.889676764958237,
    "add(x2, -1)": 6.9886702668,
    "sin(add(square(1), neg(x1)))": 13.023736447719994,
    "sin(neg(mul(x1, 1)))": 12.739224821728776,
    "cos(1)": 12.981200153221955,
    "add(protect_div(x2, x2), cos(1))": 14.889676764958237,
    "square(1)": 13.610146726800002,
    "add(protect_div(x2, 0.3), cos(1))": 13.4376759549173,
    "sub(sub(x1, x1), square(1))": 13.9544027268,
    "mul(protect_div(sin(1), 1), mul(x1, add(square(square(-1)), -1)))": 12.7822747268,
    "add(cos(sin(0.71)), 1)": 15.69523661649321,
    "add(cos(sin(0.71)), square(protect_sqrt(-1)))": 13.277419241741182,
    "sin(sub(square(-1), x2))": 14.616671842731854,
    "neg(cos(neg(1)))": 13.167202463830899,
    "square(x1)": 28.974764476700003,
    "sin(0.82)": 13.1909982817478,
    "add(protect_div(-1, 1), cos(1))": 13.07272354148568,
    "sin(neg(x2))": 15.433595060961823,
    "sub(x2, mul(neg(0.15), mul(x2, x2)))": 6.07859018860775,
    "sub(x2, 0.3)": 5.940120666800001,
    "mul(protect_sqrt(neg(-1)), add(cos(1), protect_sqrt(x2)))": 11.065811466048931,
    "sin(1)": 13.345507427400559,
    "square(x2)": 27.799417011699997,
    "sin(0.3)": 12.818739617212959,
    "add(protect_div(x2, cos(1)), x1)": 6.661342381085795,
    "protect_sqrt(cos(1))": 13.196053900948096,
    "sub(-1, 1)": 17.1265307268,
    "mul(sub(x2, -1), protect_sqrt(x1))": 10.443921942355935,
    "mul(protect_div(sin(1), 1), mul(0.15, add(square(square(-1)), -1)))": 12.7822747268,
    "sub(x2, mul(neg(x1), mul(x2, x2)))": 45.9392478686158,
    "square(cos(1))": 12.817247117259072,
    "add(protect_div(x2, 0.3), x1)": 14.979840980133334,
    "add(protect_div(x2, protect_div(neg(-1), neg(-1))), x1)": 7.9642413867999995,
    "mul(sub(x2, -1), -1)": 27.042205186799997,
    "mul(neg(-1), add(cos(1), protect_sqrt(x2)))": 11.065811466048931,
    "mul(protect_sqrt(neg(-1)), add(0.3, protect_sqrt(x2)))": 10.626358277545926,
    "sub(x2, cos(1))": 6.189609803322299,
    "sin(neg(mul(sin(x1), 0.3)))": 12.658178698586223,
    "mul(sub(x2, -1), neg(1))": 27.042205186799997,
    "neg(cos(protect_sqrt(x1)))": 13.401124227427353,
    "add(x2, 0.25)": 5.803760266799999,
    "square(neg(-1))": 13.610146726800002,
    "add(sin(protect_div(x2, x2)), -1)": 12.834693457784764,
    "cos(mul(x2, x2))": 12.747679300809695,
    "sub(x2, mul(neg(0.15), 1))": 5.783553066799998,
    "sin(0.68)": 13.06942250821604,
    "square(neg(sub(1, neg(-1))))": 12.7822747268,
    "square(neg(x2))": 27.799417011699997,
    "add(protect_div(sub(1, 0.68), cos(1)), x1)": 15.19839707995061,
    "sin(add(square(0.68), neg(x1)))": 12.812311487706838,
    "protect_div(neg(0.41), mul(-1, x1))": 17.14151240491462,
    "mul(protect_sqrt(neg(neg(-1))), add(cos(1), protect_sqrt(x2)))": 12.7822747268,
    "sin(neg(mul(x1, cos(sin(0.71)))))": 13.240192730465912,
    "add(0.25, -1)": 13.473870726799996,
    "square(neg(sin(protect_div(x2, x2))))": 13.16176343112503,
    "add(x2, x2)": 4.9212798068,
    "sub(0.25, 0.3)": 12.793381126799995,
    "add(0.3, square(1))": 14.248508326800001,
    "sub(x2, sin(protect_div(x2, x2)))": 6.665366354154629,
    "sub(x2, neg(sub(1, neg(-1))))": 5.790742266799999,
    "sub(0.82, 0.3)": 12.9631681668,
    "sin(protect_div(x1, 0.96))": 13.960545321137015,
    "sub(x1, 0.3)": 15.409744246800003,
    "protect_div(neg(0.41), mul(-1, x2))": 22.846234401107424,
    "sub(0.3, mul(neg(0.15), 1))": 12.907317126799999,
    "sin(neg(mul(sin(x1), x2)))": 12.841927335796228,
    "add(x2, x1)": 7.9642413867999995,
    "add(sin(protect_div(x2, sin(cos(1)))), -1)": 18.037933454319635,
    "add(x2, cos(1))": 5.975727893730561,
    "square(0.25)": 12.775422976799998,
    "add(protect_div(x2, x2), x1)": 15.6318778468,
    "sub(protect_div(neg(-1), neg(-1)), add(x1, x2))": 30.891968066800004,
    "mul(1, 0.45)": 12.907317126799999,
    "add(protect_div(x2, cos(x2)), x1)": 78073.68249478517,
    "add(x2, cos(mul(-1, 0.11)))": 6.581959248908929,
    "neg(mul(1, x2))": 25.8958771868,
    "mul(x2, neg(0.15))": 14.359033133299999,
    "mul(protect_sqrt(x1), protect_sqrt(x2))": 11.692585115366393,
    "sub(square(0.68), 0.3)": 12.7806948996,
    "sin(add(x2, neg(x1)))": 13.23269001353873,
    "mul(protect_div(sin(1), 1), mul(x1, add(square(square(-1)), 0.15)))": 14.98458503849605,
    "sub(x2, mul(neg(-1), 1))": 6.9886702668,
    "sub(x2, protect_div(x2, x2))": 6.9886702668,
    "add(sin(cos(add(protect_div(x1, -1), square(-1)))), -1)": 14.918991714120217,
    "mul(1, 1)": 13.610146726800002,
    "square(neg(sub(x2, -1)))": 27.7110402917,
    "mul(protect_div(x2, 1), mul(0.15, add(square(square(-1)), -1)))": 12.7822747268,
    "sub(sin(1), 0.3)": 12.982263236515816,
    "sub(x2, mul(x1, 1))": 9.9866251468,
    "sin(neg(0.3))": 12.920474221477363,
    "neg(cos(0.3))": 13.859382693455052,
    "sub(x2, neg(1))": 6.5928142668,
    "sub(x2, mul(neg(x2), 1))": 4.9212798068,
    "mul(0.15, 1)": 12.7789555268,
    "cos(sin(1))": 13.111618991014511,
    "square(-1)": 13.610146726800002,
    "add(x2, cos(mul(0.3, 0.11)))": 6.59183342406567,
    "mul(1, protect_sqrt(mul(-1, x2)))": 16.507919535533546,
    "add(0.45, x1)": 15.1253982468,
    "add(x2, cos(0.15))": 6.572705029449077,
    "sin(0.22)": 12.792335466628353,
    "sub(cos(protect_div(x2, x1)), mul(1, 1))": 13.074099450486827,
    "sub(0.3, mul(neg(0.15), neg(0.15)))": 12.8115154568,
    "sub(x2, mul(square(sub(1, 0.6)), 1))": 5.848010746799999,
    "sub(neg(neg(1)), x2)": 26.749549186800003,
    "mul(protect_sqrt(x1), protect_sqrt(0.3))": 12.922840847990921,
    "add(mul(x1, 1), x2)": 7.9642413867999995,
    "sub(x2, x2)": 12.7822747268,
    "sub(x2, 0.25)": 5.902724266800001,